"postUrl","commentsReturned"
"https://www.instagram.com/reel/DW20px2kiNY/","71"
"https://www.instagram.com/reel/DW28Wv1kjmN/","71"
"https://www.instagram.com/reel/DW_x3ZrO2Wz/","69"
"https://www.instagram.com/reel/DW3PN7dCL-0/","65"
"https://www.instagram.com/reel/DW4F2bDCLLd/","62"
"https://www.instagram.com/reel/DXACv8kmL-m/","50"
"https://www.instagram.com/reel/DW9SgHhuO6i/","47"
"https://www.instagram.com/reel/DW34A7uCOwb/","45"
"https://www.instagram.com/reel/DXAkYV4DpiT/","32"
"https://www.instagram.com/reel/DW40azaiJZ1/","12"
"https://www.instagram.com/reel/DW3hkdljRnT/","11"
"https://www.instagram.com/reel/DW4VNdsDuPA/","10"
"https://www.instagram.com/reel/DXCSL_Xjuxm/","10"
"https://www.instagram.com/reel/DW9ZM2xki_o/","9"
"https://www.instagram.com/p/DW44MSXDd5n/","8"
"https://www.instagram.com/reel/DW6-wJvStCW/","6"
"https://www.instagram.com/reel/DW6w4h1j08o/","5"
"https://www.instagram.com/reel/DW6v6K3FVeH/","4"
"https://www.instagram.com/reel/DW-5iwAlYwJ/","4"
"https://www.instagram.com/reel/DXEKdcRkh46/","4"
"https://www.instagram.com/reel/DW6wFPmCqLw/","4"
"https://www.instagram.com/reel/DW6w15CicDx/","4"
"https://www.instagram.com/reel/DW6KjBcJpTf/","4"
"https://www.instagram.com/reel/DW6wy1vjegD/","4"
"https://www.instagram.com/reel/DW-T4cfJPNR/","4"
"https://www.instagram.com/reel/DW-5YBbEZyX/","4"
"https://www.instagram.com/reel/DW_7gysDuLt/","4"
"https://www.instagram.com/reel/DW9ebHtPnBL/","4"
"https://www.instagram.com/reel/DW3elyYjcp2/","4"
"https://www.instagram.com/reel/DW6voipESBl/","3"
"https://www.instagram.com/reel/DW61t5GAoww/","3"
"https://www.instagram.com/reel/DXCv3kzj0yw/","3"
"https://www.instagram.com/reel/DXCXstvDCrW/","3"
"https://www.instagram.com/reel/DXDougNoQU5/","3"
"https://www.instagram.com/reel/DXEKoWclSk-/","3"
"https://www.instagram.com/reel/DW-Ff_LExOc/","2"
"https://www.instagram.com/reel/DW9KVp7vE-Z/","2"
"https://www.instagram.com/reel/DXAsGAvE2Wf/","2"
"https://www.instagram.com/reel/DXAA1khE_6T/","2"
"https://www.instagram.com/reel/DW82lk4JieT/","2"
"https://www.instagram.com/reel/DW-9LVOkwN-/","2"
"https://www.instagram.com/reel/DXC0Dh3E5nK/","2"
"https://www.instagram.com/reel/DXCKDsiE_zc/","2"
"https://www.instagram.com/reel/DW3TZpmiO1v/","2"
"https://www.instagram.com/reel/DW7paYcD-RJ/","2"
"https://www.instagram.com/reel/DXAK2BrkttL/","2"
"https://www.instagram.com/reel/DXAw_LOkwxo/","2"
"https://www.instagram.com/reel/DXB9pHtkaQO/","1"
"https://www.instagram.com/reel/DXBEw_Lk7Se/","1"
"https://www.instagram.com/reel/DW5Kw2ik6XK/","1"
"https://www.instagram.com/reel/DXC465vEzLZ/","1"
"https://www.instagram.com/reel/DXDdcb8j-o_/","1"
"https://www.instagram.com/reel/DXCyaZ5E8fW/","1"
"https://www.instagram.com/reel/DXBBSRikYDC/","1"
"https://www.instagram.com/reel/DXCx0_hk673/","1"
"https://www.instagram.com/reel/DXClLU9k3NM/","1"
"https://www.instagram.com/reel/DXBI95Mk5ie/","1"
"https://www.instagram.com/reel/DXC5jFdE1Z8/","1"
"https://www.instagram.com/reel/DXAbN4ykzQb/","1"
"https://www.instagram.com/reel/DXEAJFvidhA/","1"
"https://www.instagram.com/reel/DXDSMeoj69s/","1"
"https://www.instagram.com/reel/DW-FQ0UAUXF/","1"
"https://www.instagram.com/reel/DXEH7pyiFOj/","1"
"https://www.instagram.com/reel/DXEaFb5D_to/","1"
"https://www.instagram.com/reel/DXCmPTHCTkh/","1"
"https://www.instagram.com/reel/DXDgZ_1j9mu/","1"
"https://www.instagram.com/reel/DW-uUxcEYV7/","1"
"https://www.instagram.com/reel/DXD2FcMk_vs/","1"
"https://www.instagram.com/reel/DXCvWejEy4W/","1"
"https://www.instagram.com/reel/DXCey5pDdXZ/","1"
"https://www.instagram.com/reel/DXCudL3E5XH/","1"
"https://www.instagram.com/reel/DXAZjpXE6xs/","1"
"https://www.instagram.com/reel/DXDs1RGExxN/","1"
"https://www.instagram.com/reel/DXAxfr3gQjg/","1"
"https://www.instagram.com/reel/DXAL27BE8Mz/","1"
"https://www.instagram.com/reel/DXC9Eo2jLTV/","1"
"https://www.instagram.com/reel/DW8P0QLj2l7/","1"
"https://www.instagram.com/reel/DW_m-efDBVd/","1"
"https://www.instagram.com/reel/DXCU_90j98q/","1"
"https://www.instagram.com/reel/DW6Xcx5PZ65/","1"
"https://www.instagram.com/reel/DXCvkPJTZ5o/","1"
"https://www.instagram.com/reel/DXDgQcfk0DA/","1"
"https://www.instagram.com/reel/DXAvh_OvwfP/","1"
"https://www.instagram.com/reel/DW9K0KdvpR0/","1"
"https://www.instagram.com/reel/DXAEtnzkwvL/","1"
"https://www.instagram.com/reel/DXCkrD_iM2x/","1"
"https://www.instagram.com/reel/DXCXcYrjGNc/","1"
"https://www.instagram.com/reel/DW2wl5WiNqx/","1"
"https://www.instagram.com/reel/DW3kTBPiWkB/","1"
"https://www.instagram.com/reel/DXDnNg_j1e5/","1"
"https://www.instagram.com/reel/DW6Y_KWPzFW/","1"
"https://www.instagram.com/reel/DXBqnOTjH_t/","1"
"https://www.instagram.com/reel/DXCv8TMDOCG/","1"
"https://www.instagram.com/reel/DXCqxVLkZcx/","1"
"https://www.instagram.com/reel/DXBKtaZD_RN/","1"
"https://www.instagram.com/reel/DXEN--XzEiy/","1"
"https://www.instagram.com/reel/DXBCBTpkxo6/","1"
"https://www.instagram.com/reel/DXD3dzeCbF-/","1"
"https://www.instagram.com/reel/DW9pZ47E9QO/","1"
"https://www.instagram.com/reel/DXCrVF9k4O8/","1"
"https://www.instagram.com/reel/DXBDf1nETu3/","1"
"https://www.instagram.com/reel/DW-DMoBE58z/","1"
"https://www.instagram.com/reel/DXCZdLWj7UN/","1"
"https://www.instagram.com/reel/DXDdZY5CfpC/","1"
"https://www.instagram.com/reel/DW_3nIRDwuG/","1"
"https://www.instagram.com/reel/DXCsc_EjzPb/","1"
"https://www.instagram.com/reel/DXALwfNjNYh/","1"
"https://www.instagram.com/reel/DW9kMilyEJK/","1"
"https://www.instagram.com/reel/DW9SW_hvM7r/","1"
"https://www.instagram.com/reel/DXAYLz5kxvZ/","1"
"https://www.instagram.com/reel/DW46bcVSsYk/","1"
"https://www.instagram.com/reel/DW7nuj-JJSH/","1"
"https://www.instagram.com/reel/DXBnXpfDGic/","1"
"https://www.instagram.com/reel/DW6prcmPyLj/","1"
