input_url,username,full_name
https://www.instagram.com/reel/DW20px2kiNY/,thecinema.feed,The Cinema Feed
https://www.instagram.com/reel/DW_x3ZrO2Wz/,meme.ig,MEMES
https://www.instagram.com/reel/DW9SgHhuO6i/,meme.ig,MEMES
https://www.instagram.com/reel/DW34A7uCOwb/,mensetstandards,Men Set Standards
https://www.instagram.com/reel/DW4F2bDCLLd/,interestingasfacts,Interesting As Facts by Christopher Kiss
https://www.instagram.com/reel/DW28Wv1kjmN/,thecinema.feed,The Cinema Feed
https://www.instagram.com/reel/DW40azaiJZ1/,interestingasfacts,Interesting As Facts by Christopher Kiss
https://www.instagram.com/reel/DW3PN7dCL-0/,noteforself,Mental Health Advice ??
https://www.instagram.com/reel/DW_7gysDuLt/,iconicbloopers,Iconic Bloopers
https://www.instagram.com/reel/DW3hkdljRnT/,disneyfeel.s,Disney Posts & Videos
https://www.instagram.com/reel/DW4VNdsDuPA/,interestingasfacts,Interesting As Facts by Christopher Kiss
https://www.instagram.com/reel/DW3elyYjcp2/,wholesomesosogood,??
https://www.instagram.com/p/DW44MSXDd5n/,girlsgetting.rejected,Girls Getting Rejected
https://www.instagram.com/reel/DW9ZM2xki_o/,brituish,British ????
https://www.instagram.com/reel/DW2wl5WiNqx/,houseof.contents_,
https://www.instagram.com/reel/DXACv8kmL-m/,moovieshub.ig,Moovies Hub
https://www.instagram.com/reel/DXAkYV4DpiT/,iconicbloopers,Iconic Bloopers
https://www.instagram.com/reel/DXCSL_Xjuxm/,iconicbloopers,Iconic Bloopers
https://www.instagram.com/reel/DXCkrD_iM2x/,dripyhumour,SHARDUL HUMOUR
https://www.instagram.com/reel/DXCXcYrjGNc/,millionairegoldmindset,
https://www.instagram.com/reel/DW7paYcD-RJ/,watchintohistory,Watch Into History
https://www.instagram.com/reel/DW3TZpmiO1v/,gigglix._,Gigglix
https://www.instagram.com/reel/DXDnNg_j1e5/,improvingclip,improving clips
https://www.instagram.com/reel/DW6-wJvStCW/,fanmania_67,picaase_ohmania
https://www.instagram.com/reel/DW9ebHtPnBL/,moovieshub.ig,Moovies Hub
https://www.instagram.com/reel/DXCXstvDCrW/,millionairegoldmindset,
https://www.instagram.com/reel/DXCv8TMDOCG/,millionairegoldmindset,
https://www.instagram.com/reel/DXCqxVLkZcx/,notlaughter,??????????
https://www.instagram.com/reel/DW6Y_KWPzFW/,humourjoyusaa,
https://www.instagram.com/reel/DXBqnOTjH_t/,popci_nema,Popci_nema ??
https://www.instagram.com/reel/DXDougNoQU5/,trend_istg,TRENDD
https://www.instagram.com/reel/DW_m-efDBVd/,millionairegoldmindset,
https://www.instagram.com/reel/DXAEtnzkwvL/,terrifying.history_,terrifying_history
https://www.instagram.com/reel/DW-T4cfJPNR/,fanmania_67,picaase_ohmania
https://www.instagram.com/reel/DXCU_90j98q/,podcast_pulse.03,LAVUDYA SAI KUMAR
https://www.instagram.com/reel/DXAK2BrkttL/,humoured.ig,HUMOUR
https://www.instagram.com/reel/DW6KjBcJpTf/,fanmania_67,picaase_ohmania
https://www.instagram.com/reel/DW8P0QLj2l7/,podcast_pulse.03,LAVUDYA SAI KUMAR
https://www.instagram.com/reel/DXC9Eo2jLTV/,popci_nema,Popci_nema ??
https://www.instagram.com/reel/DW6Xcx5PZ65/,humourjoyusaa,
https://www.instagram.com/reel/DXAvh_OvwfP/,humourjoyusaa,
https://www.instagram.com/reel/DW-5iwAlYwJ/,crazy_memes_clips,crazy sarcasm
https://www.instagram.com/reel/DW9K0KdvpR0/,humourjoyusaa,
https://www.instagram.com/reel/DW9KVp7vE-Z/,humourjoyusaa,
https://www.instagram.com/reel/DXCvkPJTZ5o/,w.memessss,W MemeS
https://www.instagram.com/reel/DXD3dzeCbF-/,w.memessss,W MemeS
https://www.instagram.com/reel/DW61t5GAoww/,rizzlerreelpull,Rizz Post
https://www.instagram.com/reel/DXDgQcfk0DA/,spad_official_,roni
https://www.instagram.com/reel/DXBKtaZD_RN/,podcast_pulse.03,LAVUDYA SAI KUMAR
https://www.instagram.com/reel/DXCv3kzj0yw/,dopamemehq,Dopameme
https://www.instagram.com/reel/DW9kMilyEJK/,fanmania_67,picaase_ohmania
https://www.instagram.com/reel/DXALwfNjNYh/,millionairegoldmindset,
https://www.instagram.com/reel/DW9SW_hvM7r/,humourjoyusaa,
https://www.instagram.com/reel/DXCsc_EjzPb/,podcast_pulse.03,LAVUDYA SAI KUMAR
https://www.instagram.com/reel/DW6prcmPyLj/,humourjoyusaa,
https://www.instagram.com/reel/DXBnXpfDGic/,popci_nema,Popci_nema ??
https://www.instagram.com/reel/DXAYLz5kxvZ/,podcast_pulse.03,LAVUDYA SAI KUMAR
https://www.instagram.com/reel/DXC0Dh3E5nK/,spade.clipper,jack ???
https://www.instagram.com/reel/DW7nuj-JJSH/,fanmania_67,picaase_ohmania
https://www.instagram.com/reel/DW46bcVSsYk/,fanmania_67,picaase_ohmania
https://www.instagram.com/reel/DW82lk4JieT/,fanmania_67,picaase_ohmania
https://www.instagram.com/reel/DXAA1khE_6T/,spade.clipper,jack ???
https://www.instagram.com/reel/DW-5YBbEZyX/,crazy_memes_clips,crazy sarcasm
https://www.instagram.com/reel/DW_3nIRDwuG/,podcast_pulse.03,LAVUDYA SAI KUMAR
https://www.instagram.com/reel/DW9pZ47E9QO/,podcast_pulse.03,LAVUDYA SAI KUMAR
https://www.instagram.com/reel/DXEN--XzEiy/,w.memessss,W MemeS
https://www.instagram.com/reel/DXBCBTpkxo6/,spade.clipper,jack ???
https://www.instagram.com/reel/DXCrVF9k4O8/,spade.clipper,jack ???
https://www.instagram.com/reel/DXCZdLWj7UN/,podcast_pulse.03,LAVUDYA SAI KUMAR
https://www.instagram.com/reel/DXDdZY5CfpC/,sharp_clipper,NAVEEN
https://www.instagram.com/reel/DW-DMoBE58z/,spade.clipper,jack ???
https://www.instagram.com/reel/DXBDf1nETu3/,lilly.h_7,Hari
https://www.instagram.com/reel/DXAL27BE8Mz/,spade.clipper,jack ???
https://www.instagram.com/reel/DXBEw_Lk7Se/,spade.clipper,jack ???
https://www.instagram.com/reel/DXClLU9k3NM/,spade.clipper,jack ???
https://www.instagram.com/reel/DXDdcb8j-o_/,clipper_.media,Mike ????
https://www.instagram.com/reel/DXB9pHtkaQO/,lilly.h_7,Hari
https://www.instagram.com/reel/DXC5jFdE1Z8/,spade.clipper,jack ???
https://www.instagram.com/reel/DXBI95Mk5ie/,spade.clipper,jack ???
https://www.instagram.com/reel/DXAw_LOkwxo/,spade.clipper,jack ???
https://www.instagram.com/reel/DXBBSRikYDC/,lilly.h_7,Hari
https://www.instagram.com/reel/DXCx0_hk673/,spade.clipper,jack ???
https://www.instagram.com/reel/DXCyaZ5E8fW/,spade.clipper,jack ???
https://www.instagram.com/reel/DW5Kw2ik6XK/,cineversevault1,CineVerseVault
https://www.instagram.com/reel/DXC465vEzLZ/,spade.clipper,jack ???
https://www.instagram.com/reel/DXCey5pDdXZ/,dailydadly.jokes,Daily dead
https://www.instagram.com/reel/DXAsGAvE2Wf/,spade.clipper,jack ???
https://www.instagram.com/reel/DXDs1RGExxN/,spade.clipper,jack ???
https://www.instagram.com/reel/DXCvWejEy4W/,spade.clipper,jack ???
https://www.instagram.com/reel/DXD2FcMk_vs/,spade.clipper,jack ???
https://www.instagram.com/reel/DW-uUxcEYV7/,lilly.h_7,Hari
https://www.instagram.com/reel/DW6wy1vjegD/,crazy_memes_clips,crazy sarcasm
https://www.instagram.com/reel/DW-9LVOkwN-/,spade.clipper,jack ???
https://www.instagram.com/reel/DXAxfr3gQjg/,lilly.h_7,Hari
https://www.instagram.com/reel/DXCudL3E5XH/,lilly.h_7,Hari
https://www.instagram.com/reel/DXAZjpXE6xs/,clipping_universe01,Steeve ??
https://www.instagram.com/reel/DW-Ff_LExOc/,spade.clipper,jack ???
https://www.instagram.com/reel/DXDSMeoj69s/,clipper_.media,Mike ????
https://www.instagram.com/reel/DW-FQ0UAUXF/,lilly.h_7,Hari
https://www.instagram.com/reel/DW6w15CicDx/,crazy_memes_clips,crazy sarcasm
https://www.instagram.com/reel/DXAbN4ykzQb/,clipping_universe01,Steeve ??
https://www.instagram.com/reel/DW6voipESBl/,dopamemehq,Dopameme
https://www.instagram.com/reel/DXEAJFvidhA/,sharp_clipper,NAVEEN
https://www.instagram.com/reel/DW6w4h1j08o/,crazy_memes_clips,crazy sarcasm
https://www.instagram.com/reel/DW6v6K3FVeH/,dopamemehq,Dopameme
https://www.instagram.com/reel/DW6wFPmCqLw/,dopamemehq,Dopameme
https://www.instagram.com/reel/DXEKdcRkh46/,crazy_memes_clips,crazy sarcasm
https://www.instagram.com/reel/DXEKoWclSk-/,crazy_memes_clips,crazy sarcasm
https://www.instagram.com/reel/DXCmPTHCTkh/,streamer_hubz,Streamerhub
https://www.instagram.com/reel/DXDgZ_1j9mu/,clipper_.media,Mike ????
https://www.instagram.com/reel/DXEH7pyiFOj/,clipper_.media,Mike ????
https://www.instagram.com/reel/DXEaFb5D_to/,clipper_.media,Mike ????
